{"cameraMode":{"drawMode":0,"name":"Shaded","section":"Shading Mode"},"sceneLighting":false,"audioPlay":false,"sceneViewState":{"showFog":true,"showMaterialUpdate":false,"showSkybox":false,"showFlares":true,"showImageEffects":true,"showParticleSystems":true},"in2DMode":false,"pivot":{"x":-0.11956223100423813,"y":-0.15616999566555024,"z":-14.980856895446778},"rotation":{"x":-0.0767337754368782,"y":0.008073344826698304,"z":-0.0005991377402096987,"w":-0.9970390796661377},"size":4.614142894744873,"orthographic":false}